{"cameraMode":{"drawMode":0,"name":"Shaded","section":"Shading Mode"},"sceneLighting":false,"audioPlay":false,"sceneViewState":{"showFog":true,"showMaterialUpdate":false,"showSkybox":true,"showFlares":true,"showImageEffects":true,"showParticleSystems":true},"in2DMode":false,"pivot":{"x":0.47406935691833498,"y":-0.3467359244823456,"z":-1.5853084325790406},"rotation":{"x":-0.22071786224842072,"y":0.5093414783477783,"z":-0.1370309591293335,"w":-0.8204178214073181},"size":8.803001403808594,"orthographic":false}