{"cameraMode":{"drawMode":0,"name":"Shaded","section":"Shading Mode"},"sceneLighting":false,"audioPlay":false,"sceneViewState":{"showFog":true,"showMaterialUpdate":false,"showSkybox":true,"showFlares":true,"showImageEffects":true,"showParticleSystems":true},"in2DMode":false,"pivot":{"x":-0.00015604496002197266,"y":0.04401767998933792,"z":0.005761466920375824},"rotation":{"x":0.01580704003572464,"y":0.983318567276001,"z":-0.10542881488800049,"w":0.1474076211452484},"size":0.20443668961524964,"orthographic":false}