{"cameraMode":{"drawMode":0,"name":"Shaded","section":"Shading Mode"},"sceneLighting":false,"audioPlay":false,"sceneViewState":{"showFog":true,"showMaterialUpdate":false,"showSkybox":true,"showFlares":true,"showImageEffects":true,"showParticleSystems":true},"in2DMode":false,"pivot":{"x":-0.00015604496002197266,"y":0.04401767998933792,"z":0.005761466920375824},"rotation":{"x":0.17007718980312348,"y":0.6710188388824463,"z":-0.16229739785194398,"w":0.703184187412262},"size":5.647866249084473,"orthographic":false}