{"cameraMode":{"drawMode":0,"name":"Shaded","section":"Shading Mode"},"sceneLighting":false,"audioPlay":false,"sceneViewState":{"showFog":true,"showMaterialUpdate":false,"showSkybox":true,"showFlares":true,"showImageEffects":true,"showParticleSystems":true},"in2DMode":false,"pivot":{"x":-2.7894158363342287,"y":4.968721389770508,"z":46.721656799316409},"rotation":{"x":-0.07779831439256668,"y":0.10690200328826904,"z":-0.008264127187430859,"w":-0.991264283657074},"size":39.762264251708987,"orthographic":false}