{"cameraMode":{"drawMode":0,"name":"Shaded","section":"Shading Mode"},"sceneLighting":false,"audioPlay":false,"sceneViewState":{"showFog":true,"showMaterialUpdate":false,"showSkybox":true,"showFlares":true,"showImageEffects":true,"showParticleSystems":true},"in2DMode":false,"pivot":{"x":6.628524303436279,"y":-0.5167455673217773,"z":33.935298919677737},"rotation":{"x":0.31297317147254946,"y":0.0014187043998390437,"z":-0.0004794222768396139,"w":0.9497998356819153},"size":12.890813827514649,"orthographic":false}