{"cameraMode":{"drawMode":0,"name":"Shaded","section":"Shading Mode"},"sceneLighting":false,"audioPlay":false,"sceneViewState":{"showFog":true,"showMaterialUpdate":false,"showSkybox":true,"showFlares":true,"showImageEffects":true,"showParticleSystems":true},"in2DMode":false,"pivot":{"x":21.836273193359376,"y":-5.636456489562988,"z":7.792703628540039},"rotation":{"x":0.14744728803634644,"y":0.5684066414833069,"z":-0.10467641800642014,"w":0.802739679813385},"size":20.28083038330078,"orthographic":false}