{"cameraMode":{"drawMode":0,"name":"Shaded","section":"Shading Mode"},"sceneLighting":false,"audioPlay":false,"sceneViewState":{"showFog":true,"showMaterialUpdate":false,"showSkybox":true,"showFlares":true,"showImageEffects":true,"showParticleSystems":true},"in2DMode":false,"pivot":{"x":-0.00015604496002197266,"y":0.04401767998933792,"z":0.005761466920375824},"rotation":{"x":0.030994292348623277,"y":0.9687888026237488,"z":-0.16311989724636079,"w":0.18410857021808625},"size":46.60861587524414,"orthographic":false}