{"cameraMode":{"drawMode":0,"name":"Shaded","section":"Shading Mode"},"sceneLighting":false,"audioPlay":false,"sceneViewState":{"showFog":true,"showMaterialUpdate":false,"showSkybox":true,"showFlares":true,"showImageEffects":true,"showParticleSystems":true},"in2DMode":false,"pivot":{"x":-8.843473434448243,"y":1.2069625854492188,"z":13.086366653442383},"rotation":{"x":0.08704566210508347,"y":-0.06307173520326615,"z":0.005292997695505619,"w":0.9942784905433655},"size":2.2617831230163576,"orthographic":false}