{"cameraMode":{"drawMode":0,"name":"Shaded","section":"Shading Mode"},"sceneLighting":false,"audioPlay":false,"sceneViewState":{"showFog":true,"showMaterialUpdate":false,"showSkybox":true,"showFlares":true,"showImageEffects":true,"showParticleSystems":true},"in2DMode":false,"pivot":{"x":0.8697662353515625,"y":0.8402290344238281,"z":-2.4670653343200685},"rotation":{"x":0.14565816521644593,"y":0.7842937707901001,"z":-0.5686212778091431,"w":0.20094595849514008},"size":45.839351654052737,"orthographic":false}