{"cameraMode":{"drawMode":0,"name":"Shaded","section":"Shading Mode"},"sceneLighting":false,"audioPlay":false,"sceneViewState":{"showFog":true,"showMaterialUpdate":false,"showSkybox":true,"showFlares":true,"showImageEffects":true,"showParticleSystems":true},"in2DMode":false,"pivot":{"x":-4.261364936828613,"y":-1.2450292110443116,"z":15.923429489135743},"rotation":{"x":0.17120049893856049,"y":0.4733397364616394,"z":-0.09452521055936814,"w":0.8590296506881714},"size":6.656151294708252,"orthographic":false}