{"cameraMode":{"drawMode":0,"name":"Shaded","section":"Shading Mode"},"sceneLighting":false,"audioPlay":false,"sceneViewState":{"showFog":true,"showMaterialUpdate":false,"showSkybox":true,"showFlares":true,"showImageEffects":true,"showParticleSystems":true},"in2DMode":false,"pivot":{"x":-4.527912139892578,"y":-1.5521087646484376,"z":18.290176391601564},"rotation":{"x":0.37740883231163027,"y":-0.5015897154808044,"z":0.2572917640209198,"w":0.7348190546035767},"size":22.614248275756837,"orthographic":false}