{"cameraMode":{"drawMode":0,"name":"Shaded","section":"Shading Mode"},"sceneLighting":false,"audioPlay":false,"sceneViewState":{"showFog":true,"showMaterialUpdate":false,"showSkybox":true,"showFlares":true,"showImageEffects":true,"showParticleSystems":true},"in2DMode":false,"pivot":{"x":0.8925178647041321,"y":1.4768160581588746,"z":11.875007629394532},"rotation":{"x":0.09754405915737152,"y":-0.0510857068002224,"z":0.0048042405396699909,"w":0.9939942359924316},"size":6.7618794441223148,"orthographic":false}