{"cameraMode":{"drawMode":0,"name":"Shaded","section":"Shading Mode"},"sceneLighting":false,"audioPlay":false,"sceneViewState":{"showFog":true,"showMaterialUpdate":false,"showSkybox":true,"showFlares":true,"showImageEffects":true,"showParticleSystems":true},"in2DMode":false,"pivot":{"x":0.6831897497177124,"y":0.23831790685653687,"z":2.7418947219848635},"rotation":{"x":0.1199914813041687,"y":0.023477597162127496,"z":-0.003030675696209073,"w":0.9925763010978699},"size":3.1703708171844484,"orthographic":false}