{"cameraMode":{"drawMode":0,"name":"Shaded","section":"Shading Mode"},"sceneLighting":false,"audioPlay":false,"sceneViewState":{"showFog":true,"showMaterialUpdate":false,"showSkybox":true,"showFlares":true,"showImageEffects":true,"showParticleSystems":true},"in2DMode":false,"pivot":{"x":0.37401336431503298,"y":-1.211703896522522,"z":20.007936477661134},"rotation":{"x":0.19753636419773103,"y":-0.0972379744052887,"z":0.0195600688457489,"w":0.9753676056861877},"size":38.13372039794922,"orthographic":false}