{"cameraMode":{"drawMode":0,"name":"Shaded","section":"Shading Mode"},"sceneLighting":false,"audioPlay":false,"sceneViewState":{"showFog":true,"showMaterialUpdate":false,"showSkybox":true,"showFlares":true,"showImageEffects":true,"showParticleSystems":true},"in2DMode":false,"pivot":{"x":5.335354804992676,"y":0.22688239812850953,"z":21.156631469726564},"rotation":{"x":0.012195761315524578,"y":0.9547823071479797,"z":-0.29441776871681216,"w":0.03955116122961044},"size":10.017237663269043,"orthographic":false}