{"cameraMode":{"drawMode":0,"name":"Shaded","section":"Shading Mode"},"sceneLighting":false,"audioPlay":false,"sceneViewState":{"showFog":true,"showMaterialUpdate":false,"showSkybox":true,"showFlares":true,"showImageEffects":true,"showParticleSystems":true},"in2DMode":false,"pivot":{"x":-2.838242292404175,"y":-2.528887987136841,"z":15.768892288208008},"rotation":{"x":0.10503814369440079,"y":-0.042118508368730548,"z":0.00428839772939682,"w":0.993681013584137},"size":22.44058609008789,"orthographic":false}