{"cameraMode":{"drawMode":0,"name":"Shaded","section":"Shading Mode"},"sceneLighting":false,"audioPlay":false,"sceneViewState":{"showFog":true,"showMaterialUpdate":false,"showSkybox":true,"showFlares":true,"showImageEffects":true,"showParticleSystems":true},"in2DMode":false,"pivot":{"x":0.5942270159721375,"y":-2.9989988803863527,"z":19.795616149902345},"rotation":{"x":-0.17221006751060487,"y":0.02038639783859253,"z":-0.003563971258699894,"w":-0.9848456978797913},"size":29.991575241088868,"orthographic":false}